{"id": "kfy1UGAgEuy5YYyhWrbaSkKeX_20251212_074453", "ct": {"type": "CT", "rows": 512, "cols": 512, "spacing": [0.908203124, 0.908203124], "origin": [-232.5, -91.5, -1005.5], "z_positions": [-1005.5, -1007.5, -1009.5, -1011.5, -1013.5, -1015.5, -1017.5, -1019.5, -1021.5, -1023.5, -1025.5, -1027.5, -1029.5, -1031.5, -1033.5, -1035.5, -1037.5, -1039.5, -1041.5, -1043.5, -1045.5, -1047.5, -1049.5, -1051.5, -1053.5, -1055.5, -1057.5, -1059.5, -1061.5, -1063.5, -1065.5, -1067.5, -1069.5, -1071.5, -1073.5, -1075.5, -1077.5, -1079.5, -1081.5, -1083.5, -1085.5, -1087.5, -1089.5, -1091.5, -1093.5, -1095.5, -1097.5, -1099.5, -1101.5, -1103.5, -1105.5, -1107.5, -1109.5, -1111.5, -1113.5, -1115.5, -1117.5, -1119.5, -1121.5, -1123.5, -1125.5, -1127.5], "count": 62, "dataType": "uint8", "lut": [-1000.0, -575.0, -150.0, -104.54545454545455, -59.09090909090909, -13.636363636363626, 31.818181818181813, 77.27272727272725, 122.72727272727275, 168.1818181818182, 213.63636363636363, 259.09090909090907, 304.5454545454545, 350.0, 386.1111111111111, 422.22222222222223, 458.33333333333337, 494.44444444444446, 530.5555555555555, 566.6666666666667, 602.7777777777778, 638.8888888888889, 675.0, 711.1111111111111, 747.2222222222223, 783.3333333333334, 819.4444444444445, 855.5555555555557, 891.6666666666667, 927.7777777777778, 963.8888888888889, 1000.0], "chunks": 1}, "doses": {"RD.3D_60": {"filename": "RD.3D_60.bin", "rows": 138, "cols": 196, "origin": [-201.0, -37.0, -1183.5], "spacing": [2.0, 2.0], "max_dose": 61.645774841308594, "z_offsets": [0.0, 2.0, 4.0, 6.0, 8.0, 10.0, 12.0, 14.0, 16.0, 18.0, 20.0, 22.0, 24.0, 26.0, 28.0, 30.0, 32.0, 34.0, 36.0, 38.0, 40.0, 42.0, 44.0, 46.0, 48.0, 50.0, 52.0, 54.0, 56.0, 58.0, 60.0, 62.0, 64.0, 66.0, 68.0, 70.0, 72.0, 74.0, 76.0, 78.0, 80.0, 82.0, 84.0, 86.0, 88.0, 90.0, 92.0, 94.0, 96.0, 98.0, 100.0, 102.0, 104.0, 106.0, 108.0, 110.0, 112.0, 114.0, 116.0, 118.0, 120.0, 122.0, 124.0, 126.0, 128.0, 130.0, 132.0, 134.0, 136.0, 138.0, 140.0, 142.0, 144.0, 146.0, 148.0, 150.0, 152.0, 154.0, 156.0, 158.0, 160.0, 162.0, 164.0, 166.0, 168.0, 170.0, 172.0, 174.0, 176.0, 178.0, 180.0, 182.0, 184.0, 186.0, 188.0, 190.0, 192.0, 194.0, 196.0, 198.0, 200.0, 202.0, 204.0, 206.0, 208.0, 210.0, 212.0, 214.0, 216.0, 218.0, 220.0, 222.0, 224.0, 226.0, 228.0, 230.0, 232.0, 234.0, 236.0, 238.0, 240.0, 242.0], "prescription": 60.0, "chunks": 1}, "RD.VMAT_60": {"filename": "RD.VMAT_60.bin", "rows": 138, "cols": 196, "origin": [-201.0, -37.0, -1183.5], "spacing": [2.0, 2.0], "max_dose": 62.59926223754883, "z_offsets": [0.0, 2.0, 4.0, 6.0, 8.0, 10.0, 12.0, 14.0, 16.0, 18.0, 20.0, 22.0, 24.0, 26.0, 28.0, 30.0, 32.0, 34.0, 36.0, 38.0, 40.0, 42.0, 44.0, 46.0, 48.0, 50.0, 52.0, 54.0, 56.0, 58.0, 60.0, 62.0, 64.0, 66.0, 68.0, 70.0, 72.0, 74.0, 76.0, 78.0, 80.0, 82.0, 84.0, 86.0, 88.0, 90.0, 92.0, 94.0, 96.0, 98.0, 100.0, 102.0, 104.0, 106.0, 108.0, 110.0, 112.0, 114.0, 116.0, 118.0, 120.0, 122.0, 124.0, 126.0, 128.0, 130.0, 132.0, 134.0, 136.0, 138.0, 140.0, 142.0, 144.0, 146.0, 148.0, 150.0, 152.0, 154.0, 156.0, 158.0, 160.0, 162.0, 164.0, 166.0, 168.0, 170.0, 172.0, 174.0, 176.0, 178.0, 180.0, 182.0, 184.0, 186.0, 188.0, 190.0, 192.0, 194.0, 196.0, 198.0, 200.0, 202.0, 204.0, 206.0, 208.0, 210.0, 212.0, 214.0, 216.0, 218.0, 220.0, 222.0, 224.0, 226.0, 228.0, 230.0, 232.0, 234.0, 236.0, 238.0, 240.0, 242.0], "prescription": 60.0, "chunks": 1}}, "structs": {"RS.kfy1UGAgEuy5YYyhWrbaSkKeX.CT_1": "RS.kfy1UGAgEuy5YYyhWrbaSkKeX.CT_1.json"}}